Categoria,Subcategoria,Subsubcategoria,Nome,URL,URL nutricional
Drinks,Iced Energy,Iced Energy,Tropical Citrus Iced Energy (VENTI ONLY),https://www.starbucks.com/menu/product/2123900/iced,https://www.starbucks.com/menu/product/2123900/iced/nutrition
Drinks,Iced Energy,Iced Energy,Melon Burst Iced Energy (VENTI ONLY),https://www.starbucks.com/menu/product/2123899/iced,https://www.starbucks.com/menu/product/2123899/iced/nutrition
Drinks,Iced Energy,Iced Energy,Frozen Tropical Citrus Iced Energy with Strawberry Puree (VENTI ONLY),https://www.starbucks.com/menu/product/2123898/iced,https://www.starbucks.com/menu/product/2123898/iced/nutrition
Drinks,Hot Coffees,Americanos,Caffè Americano,https://www.starbucks.com/menu/product/406/hot,https://www.starbucks.com/menu/product/406/hot/nutrition
Drinks,Hot Coffees,Brewed Coffees,Featured Blonde Roast,https://www.starbucks.com/menu/product/873068625/hot,https://www.starbucks.com/menu/product/873068625/hot/nutrition
Drinks,Hot Coffees,Brewed Coffees,Featured Medium Roast - Pike Place® Roast,https://www.starbucks.com/menu/product/480/hot,https://www.starbucks.com/menu/product/480/hot/nutrition
Drinks,Hot Coffees,Brewed Coffees,Featured Dark Roast,https://www.starbucks.com/menu/product/479/hot,https://www.starbucks.com/menu/product/479/hot/nutrition
Drinks,Hot Coffees,Brewed Coffees,Decaf Pike Place® Roast,https://www.starbucks.com/menu/product/481/hot,https://www.starbucks.com/menu/product/481/hot/nutrition
Drinks,Hot Coffees,Brewed Coffees,Veranda Blend® Clover Vertica™,https://www.starbucks.com/menu/product/2123770/hot,https://www.starbucks.com/menu/product/2123770/hot/nutrition
Drinks,Hot Coffees,Brewed Coffees,Featured Dark Roast Caffè Verona®,https://www.starbucks.com/menu/product/2123740/hot,https://www.starbucks.com/menu/product/2123740/hot/nutrition
Drinks,Hot Coffees,Brewed Coffees,Starbucks® Green Apron Blend™,https://www.starbucks.com/menu/product/2123769/hot,https://www.starbucks.com/menu/product/2123769/hot/nutrition
Drinks,Hot Coffees,Brewed Coffees,Clover Vertica Bali Mount Batur Brewed Coffee,https://www.starbucks.com/menu/product/2123905/hot,https://www.starbucks.com/menu/product/2123905/hot/nutrition
Drinks,Hot Coffees,Brewed Coffees,Caffè Misto,https://www.starbucks.com/menu/product/478/hot,https://www.starbucks.com/menu/product/478/hot/nutrition
Drinks,Hot Coffees,Brewed Coffees,Clover® Starbucks Reserve® Vietnam Da Lat,https://www.starbucks.com/menu/product/2121563/hot,https://www.starbucks.com/menu/product/2121563/hot/nutrition
Drinks,Hot Coffees,Brewed Coffees,Clover® Malawi Sable Farms Starbucks Reserve®,https://www.starbucks.com/menu/product/2121958/hot,https://www.starbucks.com/menu/product/2121958/hot/nutrition
Drinks,Hot Coffees,Brewed Coffees,Clover® Starbucks Reserve® Rwanda Sholi,https://www.starbucks.com/menu/product/2123757/hot,https://www.starbucks.com/menu/product/2123757/hot/nutrition
Drinks,Hot Coffees,Cappuccinos,Cappuccino,https://www.starbucks.com/menu/product/409/hot,https://www.starbucks.com/menu/product/409/hot/nutrition
Drinks,Hot Coffees,Espresso Shots,Espresso,https://www.starbucks.com/menu/product/410/hot,https://www.starbucks.com/menu/product/410/hot/nutrition
Drinks,Hot Coffees,Espresso Shots,Espresso Con Panna,https://www.starbucks.com/menu/product/411/hot,https://www.starbucks.com/menu/product/411/hot/nutrition
Drinks,Hot Coffees,Flat Whites,Flat White,https://www.starbucks.com/menu/product/565/hot,https://www.starbucks.com/menu/product/565/hot/nutrition
Drinks,Hot Coffees,Flat Whites,Honey Almondmilk Flat White,https://www.starbucks.com/menu/product/2123158/hot,https://www.starbucks.com/menu/product/2123158/hot/nutrition
Drinks,Hot Coffees,Lattes,Oleato™ Caffé Latte with Oatmilk,https://www.starbucks.com/menu/product/2123744/hot,https://www.starbucks.com/menu/product/2123744/hot/nutrition
Drinks,Hot Coffees,Lattes,Caffè Latte,https://www.starbucks.com/menu/product/407/hot,https://www.starbucks.com/menu/product/407/hot/nutrition
Drinks,Hot Coffees,Lattes,Cinnamon Dolce Latte,https://www.starbucks.com/menu/product/414/hot,https://www.starbucks.com/menu/product/414/hot/nutrition
Drinks,Hot Coffees,Lattes,Starbucks® Blonde Vanilla Latte,https://www.starbucks.com/menu/product/2122164/hot,https://www.starbucks.com/menu/product/2122164/hot/nutrition
Drinks,Hot Coffees,Macchiatos,Caramel Macchiato,https://www.starbucks.com/menu/product/413/hot,https://www.starbucks.com/menu/product/413/hot/nutrition
Drinks,Hot Coffees,Macchiatos,Espresso Macchiato,https://www.starbucks.com/menu/product/412/hot,https://www.starbucks.com/menu/product/412/hot/nutrition
Drinks,Hot Coffees,Mochas,Caffè Mocha,https://www.starbucks.com/menu/product/408/hot,https://www.starbucks.com/menu/product/408/hot/nutrition
Drinks,Hot Coffees,Mochas,White Chocolate Mocha,https://www.starbucks.com/menu/product/420/hot,https://www.starbucks.com/menu/product/420/hot/nutrition
Drinks,Hot Coffees,Coffee Travelers,Coffee Traveler - Veranda Blend®,https://www.starbucks.com/menu/product/873068654/hot,https://www.starbucks.com/menu/product/873068654/hot/nutrition
Drinks,Hot Coffees,Coffee Travelers,Coffee Traveler - Dark Roast,https://www.starbucks.com/menu/product/873068656/hot,https://www.starbucks.com/menu/product/873068656/hot/nutrition
Drinks,Hot Coffees,Coffee Travelers,Coffee Traveler - Pike Place® Roast,https://www.starbucks.com/menu/product/873068655/hot,https://www.starbucks.com/menu/product/873068655/hot/nutrition
Drinks,Hot Coffees,Coffee Travelers,Coffee Traveler - Decaf Pike Place® Roast,https://www.starbucks.com/menu/product/873068657/hot,https://www.starbucks.com/menu/product/873068657/hot/nutrition
Drinks,Cold Coffees,Cold Brews,White Chocolate Macadamia Cream Cold Brew,https://www.starbucks.com/menu/product/2123758/iced,https://www.starbucks.com/menu/product/2123758/iced/nutrition
Drinks,Cold Coffees,Cold Brews,Cinnamon Caramel Cream Cold Brew,https://www.starbucks.com/menu/product/2123736/iced,https://www.starbucks.com/menu/product/2123736/iced/nutrition
Drinks,Cold Coffees,Cold Brews,Salted Caramel Cream Cold Brew,https://www.starbucks.com/menu/product/2122795/iced,https://www.starbucks.com/menu/product/2122795/iced/nutrition
Drinks,Cold Coffees,Cold Brews,Chocolate Cream Cold Brew,https://www.starbucks.com/menu/product/2123644/iced,https://www.starbucks.com/menu/product/2123644/iced/nutrition
Drinks,Cold Coffees,Cold Brews,Starbucks® Cold Brew Coffee,https://www.starbucks.com/menu/product/2121255/iced,https://www.starbucks.com/menu/product/2121255/iced/nutrition
Drinks,Cold Coffees,Cold Brews,Vanilla Sweet Cream Cold Brew,https://www.starbucks.com/menu/product/2121859/iced,https://www.starbucks.com/menu/product/2121859/iced/nutrition
Drinks,Cold Coffees,Cold Brews,Nondairy Salted Caramel Cream Cold Brew,https://www.starbucks.com/menu/product/2123883/iced,https://www.starbucks.com/menu/product/2123883/iced/nutrition
Drinks,Cold Coffees,Cold Brews,Nondairy Vanilla Sweet Cream Cold Brew,https://www.starbucks.com/menu/product/2123879/iced,https://www.starbucks.com/menu/product/2123879/iced/nutrition
Drinks,Cold Coffees,Cold Brews,Cold Brew with Nondairy Vanilla Sweet Cream Cold Foam,https://www.starbucks.com/menu/product/2123880/iced,https://www.starbucks.com/menu/product/2123880/iced/nutrition
Drinks,Cold Coffees,Cold Brews,Nondairy Chocolate Cream Cold Brew,https://www.starbucks.com/menu/product/2123881/iced,https://www.starbucks.com/menu/product/2123881/iced/nutrition
Drinks,Cold Coffees,Nitro Cold Brews,Vanilla Sweet Cream Nitro Cold Brew,https://www.starbucks.com/menu/product/2122237/iced,https://www.starbucks.com/menu/product/2122237/iced/nutrition
Drinks,Cold Coffees,Nitro Cold Brews,Cinnamon Caramel Cream Nitro Cold Brew,https://www.starbucks.com/menu/product/2123734/iced,https://www.starbucks.com/menu/product/2123734/iced/nutrition
Drinks,Cold Coffees,Nitro Cold Brews,Nitro Cold Brew,https://www.starbucks.com/menu/product/2121912/iced,https://www.starbucks.com/menu/product/2121912/iced/nutrition
Drinks,Cold Coffees,Iced Americano,Iced Caffè Americano,https://www.starbucks.com/menu/product/406/iced,https://www.starbucks.com/menu/product/406/iced/nutrition
Drinks,Cold Coffees,Iced Coffees,Caramel Vanilla Swirl Iced Coffee,https://www.starbucks.com/menu/product/2123864/iced,https://www.starbucks.com/menu/product/2123864/iced/nutrition
Drinks,Cold Coffees,Iced Coffees,Starbucks® Iced Coffee Blend,https://www.starbucks.com/menu/product/422/iced,https://www.starbucks.com/menu/product/422/iced/nutrition
Drinks,Cold Coffees,Iced Coffees,Starbucks® Iced Coffee Blend Clover Vertica™,https://www.starbucks.com/menu/product/2123863/iced,https://www.starbucks.com/menu/product/2123863/iced/nutrition
Drinks,Cold Coffees,Iced Shaken Espresso,Iced Espresso,https://www.starbucks.com/menu/product/410/iced,https://www.starbucks.com/menu/product/410/iced/nutrition
Drinks,Cold Coffees,Iced Shaken Espresso,Iced Hazelnut Oatmilk Shaken Espresso,https://www.starbucks.com/menu/product/2123805/iced,https://www.starbucks.com/menu/product/2123805/iced/nutrition
Drinks,Cold Coffees,Iced Shaken Espresso,Iced Brown Sugar Oatmilk Shaken Espresso,https://www.starbucks.com/menu/product/2123431/iced,https://www.starbucks.com/menu/product/2123431/iced/nutrition
Drinks,Cold Coffees,Iced Shaken Espresso,Oleato Golden Foam™ Iced Shaken Espresso with Toffeenut,https://www.starbucks.com/menu/product/2123803/iced,https://www.starbucks.com/menu/product/2123803/iced/nutrition
Drinks,Cold Coffees,Iced Shaken Espresso,Iced Shaken Espresso,https://www.starbucks.com/menu/product/2123425/iced,https://www.starbucks.com/menu/product/2123425/iced/nutrition
Drinks,Cold Coffees,Iced Flat Whites,Iced Flat White,https://www.starbucks.com/menu/product/565/iced,https://www.starbucks.com/menu/product/565/iced/nutrition
Drinks,Cold Coffees,Iced Flat Whites,Iced Honey Almondmilk Flat White,https://www.starbucks.com/menu/product/2123158/iced,https://www.starbucks.com/menu/product/2123158/iced/nutrition
Drinks,Cold Coffees,Iced Lattes,Iced Starbucks® Blonde Vanilla Latte,https://www.starbucks.com/menu/product/2122164/iced,https://www.starbucks.com/menu/product/2122164/iced/nutrition
Drinks,Cold Coffees,Iced Lattes,Iced Caffè Latte,https://www.starbucks.com/menu/product/407/iced,https://www.starbucks.com/menu/product/407/iced/nutrition
Drinks,Cold Coffees,Iced Lattes,Iced Cinnamon Dolce Latte,https://www.starbucks.com/menu/product/414/iced,https://www.starbucks.com/menu/product/414/iced/nutrition
Drinks,Cold Coffees,Iced Macchiatos,Iced Caramel Macchiato,https://www.starbucks.com/menu/product/413/iced,https://www.starbucks.com/menu/product/413/iced/nutrition
Drinks,Cold Coffees,Iced Mochas,Iced White Chocolate Mocha,https://www.starbucks.com/menu/product/420/iced,https://www.starbucks.com/menu/product/420/iced/nutrition
Drinks,Cold Coffees,Iced Mochas,Iced Caffè Mocha,https://www.starbucks.com/menu/product/408/iced,https://www.starbucks.com/menu/product/408/iced/nutrition
Drinks,Starbucks Refreshers® Beverages,Seasonal Exclusives,Summer-Berry Lemonade Starbucks Refreshers® Beverage,https://www.starbucks.com/menu/product/2123854/iced,https://www.starbucks.com/menu/product/2123854/iced/nutrition
Drinks,Starbucks Refreshers® Beverages,Seasonal Exclusives,Summer Skies Drink Starbucks Refreshers® Beverage,https://www.starbucks.com/menu/product/2123856/iced,https://www.starbucks.com/menu/product/2123856/iced/nutrition
Drinks,Starbucks Refreshers® Beverages,Seasonal Exclusives,Summer-Berry Starbucks Refreshers® Beverage,https://www.starbucks.com/menu/product/2123855/iced,https://www.starbucks.com/menu/product/2123855/iced/nutrition
Drinks,Starbucks Refreshers® Beverages,Lemonades and Frozen,Strawberry Açaí Lemonade Starbucks Refreshers® Beverage,https://www.starbucks.com/menu/product/2122677/iced,https://www.starbucks.com/menu/product/2122677/iced/nutrition
Drinks,Starbucks Refreshers® Beverages,Lemonades and Frozen,Mango Dragonfruit Lemonade Starbucks Refreshers® Beverage,https://www.starbucks.com/menu/product/2122726/iced,https://www.starbucks.com/menu/product/2122726/iced/nutrition
Drinks,Starbucks Refreshers® Beverages,Lemonades and Frozen,Pineapple Passionfruit Lemonade Starbucks Refreshers® Beverage,https://www.starbucks.com/menu/product/2123676/iced,https://www.starbucks.com/menu/product/2123676/iced/nutrition
Drinks,Starbucks Refreshers® Beverages,Lemonades and Frozen,Spicy Strawberry,https://www.starbucks.com/menu/product/2123841/iced,https://www.starbucks.com/menu/product/2123841/iced/nutrition
Drinks,Starbucks Refreshers® Beverages,Lemonades and Frozen,Spicy Dragonfruit,https://www.starbucks.com/menu/product/2123833/iced,https://www.starbucks.com/menu/product/2123833/iced/nutrition
Drinks,Starbucks Refreshers® Beverages,Lemonades and Frozen,Frozen Strawberry Açaí Lemonade Starbucks Refreshers® Beverage,https://www.starbucks.com/menu/product/2123766/iced,https://www.starbucks.com/menu/product/2123766/iced/nutrition
Drinks,Starbucks Refreshers® Beverages,Lemonades and Frozen,Spicy Pineapple,https://www.starbucks.com/menu/product/2123839/iced,https://www.starbucks.com/menu/product/2123839/iced/nutrition
Drinks,Starbucks Refreshers® Beverages,Lemonades and Frozen,Frozen Mango Dragonfruit Lemonade Starbucks Refreshers® Beverage,https://www.starbucks.com/menu/product/2123768/iced,https://www.starbucks.com/menu/product/2123768/iced/nutrition
Drinks,Starbucks Refreshers® Beverages,Lemonades and Frozen,Frozen Pineapple Passionfruit Lemonade Starbucks Refreshers® Beverage,https://www.starbucks.com/menu/product/2123767/iced,https://www.starbucks.com/menu/product/2123767/iced/nutrition
Drinks,Starbucks Refreshers® Beverages,Coconutmilk Collection,Pink Drink Starbucks Refreshers® Beverage,https://www.starbucks.com/menu/product/2122275/iced,https://www.starbucks.com/menu/product/2122275/iced/nutrition
Drinks,Starbucks Refreshers® Beverages,Coconutmilk Collection,Dragon Drink® Starbucks Refreshers® Beverage,https://www.starbucks.com/menu/product/2122756/iced,https://www.starbucks.com/menu/product/2122756/iced/nutrition
Drinks,Starbucks Refreshers® Beverages,Coconutmilk Collection,Paradise Drink Starbucks Refreshers® Beverage,https://www.starbucks.com/menu/product/2123674/iced,https://www.starbucks.com/menu/product/2123674/iced/nutrition
Drinks,Starbucks Refreshers® Beverages,Coconutmilk Collection,Dragon Drink® Starbucks Refreshers® Beverage with Oleato Golden Foam™,https://www.starbucks.com/menu/product/2123782/iced,https://www.starbucks.com/menu/product/2123782/iced/nutrition
Drinks,Starbucks Refreshers® Beverages,Coconutmilk Collection,Paradise Drink Starbucks Refreshers® Beverage with Oleato Golden Foam™,https://www.starbucks.com/menu/product/2123779/iced,https://www.starbucks.com/menu/product/2123779/iced/nutrition
Drinks,Starbucks Refreshers® Beverages,Classics,Strawberry Açaí Starbucks Refreshers® Beverage,https://www.starbucks.com/menu/product/2121342/iced,https://www.starbucks.com/menu/product/2121342/iced/nutrition
Drinks,Starbucks Refreshers® Beverages,Classics,Mango Dragonfruit Starbucks Refreshers® Beverage,https://www.starbucks.com/menu/product/2122725/iced,https://www.starbucks.com/menu/product/2122725/iced/nutrition
Drinks,Starbucks Refreshers® Beverages,Classics,Pineapple Passionfruit Starbucks Refreshers® Beverage,https://www.starbucks.com/menu/product/2123675/iced,https://www.starbucks.com/menu/product/2123675/iced/nutrition
Drinks,Frappuccino® Blended Beverages,Coffee Frappuccino®,Mocha Cookie Crumble Frappuccino®,https://www.starbucks.com/menu/product/956/iced,https://www.starbucks.com/menu/product/956/iced/nutrition
Drinks,Frappuccino® Blended Beverages,Coffee Frappuccino®,Caramel Ribbon Crunch Frappuccino® Blended Beverage,https://www.starbucks.com/menu/product/1044/iced,https://www.starbucks.com/menu/product/1044/iced/nutrition
Drinks,Frappuccino® Blended Beverages,Coffee Frappuccino®,Espresso Frappuccino® Blended Beverage,https://www.starbucks.com/menu/product/500/iced,https://www.starbucks.com/menu/product/500/iced/nutrition
Drinks,Frappuccino® Blended Beverages,Coffee Frappuccino®,Caffè Vanilla Frappuccino® Blended Beverage,https://www.starbucks.com/menu/product/423/iced,https://www.starbucks.com/menu/product/423/iced/nutrition
Drinks,Frappuccino® Blended Beverages,Coffee Frappuccino®,Caramel Frappuccino® Blended Beverage,https://www.starbucks.com/menu/product/424/iced,https://www.starbucks.com/menu/product/424/iced/nutrition
Drinks,Frappuccino® Blended Beverages,Coffee Frappuccino®,Coffee Frappuccino® Blended Beverage,https://www.starbucks.com/menu/product/483/iced,https://www.starbucks.com/menu/product/483/iced/nutrition
Drinks,Frappuccino® Blended Beverages,Coffee Frappuccino®,Mocha Frappuccino® Blended Beverage,https://www.starbucks.com/menu/product/426/iced,https://www.starbucks.com/menu/product/426/iced/nutrition
Drinks,Frappuccino® Blended Beverages,Coffee Frappuccino®,Java Chip Frappuccino® Blended Beverage,https://www.starbucks.com/menu/product/425/iced,https://www.starbucks.com/menu/product/425/iced/nutrition
Drinks,Frappuccino® Blended Beverages,Coffee Frappuccino®,White Chocolate Mocha Frappuccino® Blended Beverage,https://www.starbucks.com/menu/product/428/iced,https://www.starbucks.com/menu/product/428/iced/nutrition
Drinks,Frappuccino® Blended Beverages,Creme Frappuccino®,Chocolate Cookie Crumble Crème Frappuccino®,https://www.starbucks.com/menu/product/957/iced,https://www.starbucks.com/menu/product/957/iced/nutrition
Drinks,Frappuccino® Blended Beverages,Creme Frappuccino®,Caramel Ribbon Crunch Crème Frappuccino® Blended Beverage,https://www.starbucks.com/menu/product/1062/iced,https://www.starbucks.com/menu/product/1062/iced/nutrition
Drinks,Frappuccino® Blended Beverages,Creme Frappuccino®,Strawberry Crème Frappuccino® Blended Beverage,https://www.starbucks.com/menu/product/2122724/iced,https://www.starbucks.com/menu/product/2122724/iced/nutrition
Drinks,Frappuccino® Blended Beverages,Creme Frappuccino®,Chai Crème Frappuccino®,https://www.starbucks.com/menu/product/438/iced,https://www.starbucks.com/menu/product/438/iced/nutrition
Drinks,Frappuccino® Blended Beverages,Creme Frappuccino®,Double Chocolaty Chip Crème Frappuccino® Blended Beverage,https://www.starbucks.com/menu/product/435/iced,https://www.starbucks.com/menu/product/435/iced/nutrition
Drinks,Frappuccino® Blended Beverages,Creme Frappuccino®,Matcha Crème Frappuccino® Blended Beverage,https://www.starbucks.com/menu/product/439/iced,https://www.starbucks.com/menu/product/439/iced/nutrition
Drinks,Frappuccino® Blended Beverages,Creme Frappuccino®,Vanilla Bean Crème Frappuccino® Blended Crème,https://www.starbucks.com/menu/product/440/iced,https://www.starbucks.com/menu/product/440/iced/nutrition
Drinks,Frappuccino® Blended Beverages,Creme Frappuccino®,White Chocolate Crème Frappuccino® Blended Beverage,https://www.starbucks.com/menu/product/441/iced,https://www.starbucks.com/menu/product/441/iced/nutrition
Drinks,Iced Tea and Lemonade,Iced Black Teas,Iced Black Tea,https://www.starbucks.com/menu/product/457/iced,https://www.starbucks.com/menu/product/457/iced/nutrition
Drinks,Iced Tea and Lemonade,Iced Black Teas,Iced Black Tea Lemonade,https://www.starbucks.com/menu/product/458/iced,https://www.starbucks.com/menu/product/458/iced/nutrition
Drinks,Iced Tea and Lemonade,Iced Black Teas,Iced Royal English Breakfast Latte,https://www.starbucks.com/menu/product/465/iced,https://www.starbucks.com/menu/product/465/iced/nutrition
Drinks,Iced Tea and Lemonade,Iced Black Teas,Iced London Fog Latte,https://www.starbucks.com/menu/product/477/iced,https://www.starbucks.com/menu/product/477/iced/nutrition
Drinks,Iced Tea and Lemonade,Iced Chai Teas,Iced Chai Latte,https://www.starbucks.com/menu/product/466/iced,https://www.starbucks.com/menu/product/466/iced/nutrition
Drinks,Iced Tea and Lemonade,Iced Chai Teas,Iced Chai Latte with Oleato Golden Foam™,https://www.starbucks.com/menu/product/2123780/iced,https://www.starbucks.com/menu/product/2123780/iced/nutrition
Drinks,Iced Tea and Lemonade,Iced Green Teas,Iced Nondairy Salted Caramel Cookie Matcha,https://www.starbucks.com/menu/product/2123876/iced,https://www.starbucks.com/menu/product/2123876/iced/nutrition
Drinks,Iced Tea and Lemonade,Iced Green Teas,Iced Peach Green Tea,https://www.starbucks.com/menu/product/2123077/iced,https://www.starbucks.com/menu/product/2123077/iced/nutrition
Drinks,Iced Tea and Lemonade,Iced Green Teas,Iced Peach Green Tea Lemonade,https://www.starbucks.com/menu/product/2123074/iced,https://www.starbucks.com/menu/product/2123074/iced/nutrition
Drinks,Iced Tea and Lemonade,Iced Green Teas,Iced Matcha Latte,https://www.starbucks.com/menu/product/468/iced,https://www.starbucks.com/menu/product/468/iced/nutrition
Drinks,Iced Tea and Lemonade,Iced Green Teas,Iced Green Tea,https://www.starbucks.com/menu/product/459/iced,https://www.starbucks.com/menu/product/459/iced/nutrition
Drinks,Iced Tea and Lemonade,Iced Green Teas,Iced Green Tea Lemonade,https://www.starbucks.com/menu/product/460/iced,https://www.starbucks.com/menu/product/460/iced/nutrition
Drinks,Iced Tea and Lemonade,Iced Green Teas,Iced Matcha Lemonade,https://www.starbucks.com/menu/product/2122376/iced,https://www.starbucks.com/menu/product/2122376/iced/nutrition
Drinks,Iced Tea and Lemonade,Iced Green Teas,Iced Matcha Latte with Oleato Golden Foam™,https://www.starbucks.com/menu/product/2123781/iced,https://www.starbucks.com/menu/product/2123781/iced/nutrition
Drinks,Iced Tea and Lemonade,Iced Herbal Teas,Iced Passion Tango® Tea,https://www.starbucks.com/menu/product/461/iced,https://www.starbucks.com/menu/product/461/iced/nutrition
Drinks,Iced Tea and Lemonade,Iced Herbal Teas,Iced Passion Tango® Tea Lemonade,https://www.starbucks.com/menu/product/462/iced,https://www.starbucks.com/menu/product/462/iced/nutrition
Drinks,Iced Tea and Lemonade,Lemonades,Lemonade,https://www.starbucks.com/menu/product/873068639/iced,https://www.starbucks.com/menu/product/873068639/iced/nutrition
Drinks,Iced Tea and Lemonade,Lemonades,Blended Strawberry Lemonade,https://www.starbucks.com/menu/product/873068641/iced,https://www.starbucks.com/menu/product/873068641/iced/nutrition
Drinks,Hot Teas,Chai Teas,Chai Latte,https://www.starbucks.com/menu/product/466/hot,https://www.starbucks.com/menu/product/466/hot/nutrition
Drinks,Hot Teas,Chai Teas,Chai Tea,https://www.starbucks.com/menu/product/2122273/hot,https://www.starbucks.com/menu/product/2122273/hot/nutrition
Drinks,Hot Teas,Black Teas,Earl Grey Tea,https://www.starbucks.com/menu/product/450/hot,https://www.starbucks.com/menu/product/450/hot/nutrition
Drinks,Hot Teas,Black Teas,London Fog Latte,https://www.starbucks.com/menu/product/477/hot,https://www.starbucks.com/menu/product/477/hot/nutrition
Drinks,Hot Teas,Black Teas,Royal English Breakfast Tea,https://www.starbucks.com/menu/product/446/hot,https://www.starbucks.com/menu/product/446/hot/nutrition
Drinks,Hot Teas,Black Teas,Royal English Breakfast Latte,https://www.starbucks.com/menu/product/465/hot,https://www.starbucks.com/menu/product/465/hot/nutrition
Drinks,Hot Teas,Green Teas,Chamomile Mint Blossom,https://www.starbucks.com/menu/product/2123887/hot,https://www.starbucks.com/menu/product/2123887/hot/nutrition
Drinks,Hot Teas,Green Teas,Jade Citrus Mint® Brewed Tea,https://www.starbucks.com/menu/product/2122574/hot,https://www.starbucks.com/menu/product/2122574/hot/nutrition
Drinks,Hot Teas,Green Teas,Emperor’s Clouds & Mist®,https://www.starbucks.com/menu/product/873068751/hot,https://www.starbucks.com/menu/product/873068751/hot/nutrition
Drinks,Hot Teas,Green Teas,Matcha Latte,https://www.starbucks.com/menu/product/468/hot,https://www.starbucks.com/menu/product/468/hot/nutrition
Drinks,Hot Teas,Green Teas,Honey Citrus Mint Tea,https://www.starbucks.com/menu/product/2122274/hot,https://www.starbucks.com/menu/product/2122274/hot/nutrition
Drinks,Hot Teas,Herbal Teas,Mint Majesty®,https://www.starbucks.com/menu/product/873068754/hot,https://www.starbucks.com/menu/product/873068754/hot/nutrition
Drinks,"Milk, Juice & More",Hot Chocolates,Hot Chocolate,https://www.starbucks.com/menu/product/471/hot,https://www.starbucks.com/menu/product/471/hot/nutrition
Drinks,"Milk, Juice & More",Hot Chocolates,White Hot Chocolate,https://www.starbucks.com/menu/product/472/hot,https://www.starbucks.com/menu/product/472/hot/nutrition
Drinks,"Milk, Juice & More",Juice,Caramel Apple Spice,https://www.starbucks.com/menu/product/475/hot,https://www.starbucks.com/menu/product/475/hot/nutrition
Drinks,"Milk, Juice & More",Juice,Steamed Apple Juice,https://www.starbucks.com/menu/product/489/hot,https://www.starbucks.com/menu/product/489/hot/nutrition
Drinks,"Milk, Juice & More",Milk & Steamers,Cold Milk,https://www.starbucks.com/menu/product/490/iced,https://www.starbucks.com/menu/product/490/iced/nutrition
Drinks,"Milk, Juice & More",Milk & Steamers,Steamed Milk,https://www.starbucks.com/menu/product/747/hot,https://www.starbucks.com/menu/product/747/hot/nutrition
Drinks,"Milk, Juice & More",Milk & Steamers,Vanilla Crème,https://www.starbucks.com/menu/product/873068652/hot,https://www.starbucks.com/menu/product/873068652/hot/nutrition
Drinks,Bottled Beverages,Water and Sparkling,Spindrift® Lemon Sparkling Water,https://www.starbucks.com/menu/product/2123858/packaged,https://www.starbucks.com/menu/product/2123858/packaged/nutrition
Drinks,Bottled Beverages,Water and Sparkling,Spindrift® Raspberry Lime Sparkling Water,https://www.starbucks.com/menu/product/2122638/packaged,https://www.starbucks.com/menu/product/2122638/packaged/nutrition
Drinks,Bottled Beverages,Water and Sparkling,Ethos® Bottled Water,https://www.starbucks.com/menu/product/873068636/packaged,https://www.starbucks.com/menu/product/873068636/packaged/nutrition
Drinks,Bottled Beverages,Water and Sparkling,DASANI Bottled Water,https://www.starbucks.com/menu/product/2123597/packaged,https://www.starbucks.com/menu/product/2123597/packaged/nutrition
Drinks,Bottled Beverages,Water and Sparkling,Hawai'i Volcanic Water,https://www.starbucks.com/menu/product/2123023/packaged,https://www.starbucks.com/menu/product/2123023/packaged/nutrition
Drinks,Bottled Beverages,Water and Sparkling,Cup of Water,https://www.starbucks.com/menu/product/873068670/iced,https://www.starbucks.com/menu/product/873068670/iced/nutrition
Drinks,Bottled Beverages,Protein and Milk,Koia® Cacao Bean Protein Shake,https://www.starbucks.com/menu/product/2123775/packaged,https://www.starbucks.com/menu/product/2123775/packaged/nutrition
Drinks,Bottled Beverages,Protein and Milk,Koia® Vanilla Bean Protein Shake,https://www.starbucks.com/menu/product/2123777/packaged,https://www.starbucks.com/menu/product/2123777/packaged/nutrition
Drinks,Bottled Beverages,Protein and Milk,Horizon® Chocolate Organic Milk,https://www.starbucks.com/menu/product/2121286/packaged,https://www.starbucks.com/menu/product/2121286/packaged/nutrition
Drinks,Bottled Beverages,Protein and Milk,Horizon® Organic Lowfat Milk Box,https://www.starbucks.com/menu/product/2121281/packaged,https://www.starbucks.com/menu/product/2121281/packaged/nutrition
Drinks,Bottled Beverages,Juice,Starbucks™ Baya Energy Mango Guava,https://www.starbucks.com/menu/product/2123631/packaged,https://www.starbucks.com/menu/product/2123631/packaged/nutrition
Drinks,Bottled Beverages,Juice,Evolution Fresh® Organic Defense Up®,https://www.starbucks.com/menu/product/2122702/packaged,https://www.starbucks.com/menu/product/2122702/packaged/nutrition
Drinks,Bottled Beverages,Juice,Evolution Fresh® Orange,https://www.starbucks.com/menu/product/2122701/packaged,https://www.starbucks.com/menu/product/2122701/packaged/nutrition
Drinks,Bottled Beverages,Juice,Evolution Fresh® Organic Super Fruit Greens,https://www.starbucks.com/menu/product/2122699/packaged,https://www.starbucks.com/menu/product/2122699/packaged/nutrition
Drinks,Bottled Beverages,Juice,Tree Top Apple Juice Box,https://www.starbucks.com/menu/product/873068637/packaged,https://www.starbucks.com/menu/product/873068637/packaged/nutrition
Drinks,Bottled Beverages,Juice,Starbucks™ Baya Energy Raspberry Lime,https://www.starbucks.com/menu/product/2123633/packaged,https://www.starbucks.com/menu/product/2123633/packaged/nutrition
Drinks,Bottled Beverages,Kombucha,Brew DR. Island Mango Kombucha,https://www.starbucks.com/menu/product/2123778/packaged,https://www.starbucks.com/menu/product/2123778/packaged/nutrition
Drinks,Bottled Beverages,Kombucha,Brew DR. Superberry Kombucha,https://www.starbucks.com/menu/product/2123776/packaged,https://www.starbucks.com/menu/product/2123776/packaged/nutrition
Food,Hot Breakfast,Breakfast Sandwiches & Wraps,"Egg, Pesto & Mozzarella Sandwich",https://www.starbucks.com/menu/product/2123885/single,https://www.starbucks.com/menu/product/2123885/single/nutrition
Food,Hot Breakfast,Breakfast Sandwiches & Wraps,"Chicken, Maple Butter & Egg Sandwich",https://www.starbucks.com/menu/product/2123672/single,https://www.starbucks.com/menu/product/2123672/single/nutrition
Food,Hot Breakfast,Breakfast Sandwiches & Wraps,"Bacon, Sausage & Egg Wrap",https://www.starbucks.com/menu/product/2123181/single,https://www.starbucks.com/menu/product/2123181/single/nutrition
Food,Hot Breakfast,Breakfast Sandwiches & Wraps,Impossible™ Breakfast Sandwich,https://www.starbucks.com/menu/product/2123236/single,https://www.starbucks.com/menu/product/2123236/single/nutrition
Food,Hot Breakfast,Breakfast Sandwiches & Wraps,"Bacon, Gouda & Egg Sandwich",https://www.starbucks.com/menu/product/369/single,https://www.starbucks.com/menu/product/369/single/nutrition
Food,Hot Breakfast,Breakfast Sandwiches & Wraps,"Double-Smoked Bacon, Cheddar & Egg Sandwich",https://www.starbucks.com/menu/product/2121219/single,https://www.starbucks.com/menu/product/2121219/single/nutrition
Food,Hot Breakfast,Breakfast Sandwiches & Wraps,"Turkey Bacon, Cheddar & Egg White Sandwich",https://www.starbucks.com/menu/product/368/single,https://www.starbucks.com/menu/product/368/single/nutrition
Food,Hot Breakfast,Breakfast Sandwiches & Wraps,"Sausage, Cheddar & Egg Sandwich",https://www.starbucks.com/menu/product/367/single,https://www.starbucks.com/menu/product/367/single/nutrition
Food,Hot Breakfast,Breakfast Sandwiches & Wraps,"Spinach, Feta & Egg White Wrap",https://www.starbucks.com/menu/product/371/single,https://www.starbucks.com/menu/product/371/single/nutrition
Food,Hot Breakfast,Breakfast Sandwiches & Wraps,Avocado Spread,https://www.starbucks.com/menu/product/2122257/single,https://www.starbucks.com/menu/product/2122257/single/nutrition
Food,Hot Breakfast,Bakes & Egg Bites,"Potato, Cheddar & Chive Bakes",https://www.starbucks.com/menu/product/2123269/single,https://www.starbucks.com/menu/product/2123269/single/nutrition
Food,Hot Breakfast,Bakes & Egg Bites,Kale & Mushroom Egg Bites,https://www.starbucks.com/menu/product/2123401/single,https://www.starbucks.com/menu/product/2123401/single/nutrition
Food,Hot Breakfast,Bakes & Egg Bites,Bacon & Gruyère Egg Bites,https://www.starbucks.com/menu/product/2122116/single,https://www.starbucks.com/menu/product/2122116/single/nutrition
Food,Hot Breakfast,Bakes & Egg Bites,Egg White & Roasted Red Pepper Egg Bites,https://www.starbucks.com/menu/product/2122117/single,https://www.starbucks.com/menu/product/2122117/single/nutrition
Food,Oatmeal & Yogurt,Oatmeal & Yogurt,Rolled & Steel-Cut Oatmeal,https://www.starbucks.com/menu/product/301/single,https://www.starbucks.com/menu/product/301/single/nutrition
Food,Oatmeal & Yogurt,Oatmeal & Yogurt,Berry Trio Parfait,https://www.starbucks.com/menu/product/2122192/single,https://www.starbucks.com/menu/product/2122192/single/nutrition
Food,Bakery,Bagels,Plain Bagel,https://www.starbucks.com/menu/product/321/single,https://www.starbucks.com/menu/product/321/single/nutrition
Food,Bakery,Bagels,Everything Bagel,https://www.starbucks.com/menu/product/324/single,https://www.starbucks.com/menu/product/324/single/nutrition
Food,Bakery,Bagels,Avocado Spread,https://www.starbucks.com/menu/product/2122257/single,https://www.starbucks.com/menu/product/2122257/single/nutrition
Food,Bakery,Cake Pops,Orange Cream Cake Pop,https://www.starbucks.com/menu/product/2123851/single,https://www.starbucks.com/menu/product/2123851/single/nutrition
Food,Bakery,Cake Pops,Cookies & Cream Cake Pop,https://www.starbucks.com/menu/product/2123657/single,https://www.starbucks.com/menu/product/2123657/single/nutrition
Food,Bakery,Cake Pops,Birthday Cake Pop,https://www.starbucks.com/menu/product/784/single,https://www.starbucks.com/menu/product/784/single/nutrition
Food,Bakery,Cake Pops,Chocolate Cake Pop,https://www.starbucks.com/menu/product/1015/single,https://www.starbucks.com/menu/product/1015/single/nutrition
Food,Bakery,"Cookies, Brownies & Bars",Double Chocolate Brownie,https://www.starbucks.com/menu/product/1130/single,https://www.starbucks.com/menu/product/1130/single/nutrition
Food,Bakery,"Cookies, Brownies & Bars",Chocolate Chip Cookie,https://www.starbucks.com/menu/product/2122714/single,https://www.starbucks.com/menu/product/2122714/single/nutrition
Food,Bakery,"Cookies, Brownies & Bars",Marshmallow Dream Bar,https://www.starbucks.com/menu/product/309/single,https://www.starbucks.com/menu/product/309/single/nutrition
Food,Bakery,Croissants,Ham & Swiss Croissant,https://www.starbucks.com/menu/product/2122132/single,https://www.starbucks.com/menu/product/2122132/single/nutrition
Food,Bakery,Croissants,Butter Croissant,https://www.starbucks.com/menu/product/1033/single,https://www.starbucks.com/menu/product/1033/single/nutrition
Food,Bakery,Croissants,Chocolate Croissant,https://www.starbucks.com/menu/product/1028/single,https://www.starbucks.com/menu/product/1028/single/nutrition
Food,Bakery,"Loaves, Cakes & Buns",Pineapple Cloud Cake,https://www.starbucks.com/menu/product/2123844/single,https://www.starbucks.com/menu/product/2123844/single/nutrition
Food,Bakery,"Loaves, Cakes & Buns",Cinnamon Coffee Cake,https://www.starbucks.com/menu/product/1021/single,https://www.starbucks.com/menu/product/1021/single/nutrition
Food,Bakery,"Loaves, Cakes & Buns",Iced Lemon Loaf,https://www.starbucks.com/menu/product/1254/single,https://www.starbucks.com/menu/product/1254/single/nutrition
Food,Bakery,"Loaves, Cakes & Buns",Pumpkin & Pepita Loaf,https://www.starbucks.com/menu/product/1255/single,https://www.starbucks.com/menu/product/1255/single/nutrition
Food,Bakery,"Loaves, Cakes & Buns",Banana Walnut & Pecan Loaf,https://www.starbucks.com/menu/product/1256/single,https://www.starbucks.com/menu/product/1256/single/nutrition
Food,Bakery,Danishes & Doughnuts,Cheese Danish,https://www.starbucks.com/menu/product/1040/single,https://www.starbucks.com/menu/product/1040/single/nutrition
Food,Bakery,Danishes & Doughnuts,Glazed Doughnut,https://www.starbucks.com/menu/product/311/single,https://www.starbucks.com/menu/product/311/single/nutrition
Food,Bakery,Muffins & Scones,Blueberry Streusel Muffin,https://www.starbucks.com/menu/product/2123882/single,https://www.starbucks.com/menu/product/2123882/single/nutrition
Food,Bakery,Muffins & Scones,Blueberry Scone,https://www.starbucks.com/menu/product/1041/single,https://www.starbucks.com/menu/product/1041/single/nutrition
Food,Bakery,Muffins & Scones,Petite Vanilla Bean Scone,https://www.starbucks.com/menu/product/317/single,https://www.starbucks.com/menu/product/317/single/nutrition
Food,Lunch,Warm Sandwiches,Crispy Grilled Cheese on Sourdough,https://www.starbucks.com/menu/product/2123039/single,https://www.starbucks.com/menu/product/2123039/single/nutrition
Food,Lunch,Warm Sandwiches,Ham & Swiss on Baguette,https://www.starbucks.com/menu/product/574/single,https://www.starbucks.com/menu/product/574/single/nutrition
Food,Lunch,Warm Sandwiches,"Turkey, Provolone & Pesto on Ciabatta",https://www.starbucks.com/menu/product/2121962/single,https://www.starbucks.com/menu/product/2121962/single/nutrition
Food,Lunch,Warm Sandwiches,Tomato & Mozzarella on Focaccia,https://www.starbucks.com/menu/product/573/single,https://www.starbucks.com/menu/product/573/single/nutrition
Food,Lunch,Warm Sandwiches,Avocado Spread,https://www.starbucks.com/menu/product/2122257/single,https://www.starbucks.com/menu/product/2122257/single/nutrition
Food,Lunch,Protein Boxes,Eggs & Gouda Protein Box,https://www.starbucks.com/menu/product/2123221/single,https://www.starbucks.com/menu/product/2123221/single/nutrition
Food,Lunch,Protein Boxes,Cheese Trio Protein Box,https://www.starbucks.com/menu/product/2123222/single,https://www.starbucks.com/menu/product/2123222/single/nutrition
Food,Lunch,Protein Boxes,Cheddar & Uncured Salami Protein Box,https://www.starbucks.com/menu/product/2123223/single,https://www.starbucks.com/menu/product/2123223/single/nutrition
Food,Lunch,Protein Boxes,Eggs & Cheddar Protein Box,https://www.starbucks.com/menu/product/2122248/single,https://www.starbucks.com/menu/product/2122248/single/nutrition
Food,Lunch,Protein Boxes,PB&J Protein Box,https://www.starbucks.com/menu/product/2122250/single,https://www.starbucks.com/menu/product/2122250/single/nutrition
Food,Lunch,Protein Boxes,Cheese & Fruit Protein Box,https://www.starbucks.com/menu/product/2122249/single,https://www.starbucks.com/menu/product/2122249/single/nutrition
Food,Snacks & Sweets,Biscotti & Cookies,Madeleines,https://www.starbucks.com/menu/product/2121740/single,https://www.starbucks.com/menu/product/2121740/single/nutrition
Food,Snacks & Sweets,Biscotti & Cookies,Vanilla Biscotti with Almonds,https://www.starbucks.com/menu/product/2121411/single,https://www.starbucks.com/menu/product/2121411/single/nutrition
Food,Snacks & Sweets,Biscotti & Cookies,Shortbread Cookies,https://www.starbucks.com/menu/product/2121410/single,https://www.starbucks.com/menu/product/2121410/single/nutrition
Food,Snacks & Sweets,Biscotti & Cookies,Rip van Wafels – Honey & Oats,https://www.starbucks.com/menu/product/2121699/single,https://www.starbucks.com/menu/product/2121699/single/nutrition
Food,Snacks & Sweets,Chocolates & Candy,Salted Almond Chocolate Bites,https://www.starbucks.com/menu/product/2122093/single,https://www.starbucks.com/menu/product/2122093/single/nutrition
Food,Snacks & Sweets,Chocolates & Candy,Dark Chocolate Covered Espresso Beans,https://www.starbucks.com/menu/product/2122119/single,https://www.starbucks.com/menu/product/2122119/single/nutrition
Food,Snacks & Sweets,Chocolates & Candy,Dark Chocolate Peanut Butter Cups,https://www.starbucks.com/menu/product/2121686/single,https://www.starbucks.com/menu/product/2121686/single/nutrition
Food,Snacks & Sweets,Fruit & Nuts,SkinnyDipped Dark Chocolate Cocoa Almonds,https://www.starbucks.com/menu/product/2123823/single,https://www.starbucks.com/menu/product/2123823/single/nutrition
Food,Snacks & Sweets,Fruit & Nuts,SkinnyDipped Lemon Bliss Almonds,https://www.starbucks.com/menu/product/2123820/single,https://www.starbucks.com/menu/product/2123820/single/nutrition
Food,Snacks & Sweets,Fruit & Nuts,Squirrel Brand® Fruit & Nut,https://www.starbucks.com/menu/product/2121816/single,https://www.starbucks.com/menu/product/2121816/single/nutrition
Food,Snacks & Sweets,Fruit & Nuts,Peter Rabbit™ Organics Strawberry Banana,https://www.starbucks.com/menu/product/2121692/single,https://www.starbucks.com/menu/product/2121692/single/nutrition
Food,Snacks & Sweets,Gum & Mints,Spearmint Gum,https://www.starbucks.com/menu/product/2123299/single,https://www.starbucks.com/menu/product/2123299/single/nutrition
Food,Snacks & Sweets,Popcorn & Chips,Siete Sea Salt Kettle Cooked Potato Chips,https://www.starbucks.com/menu/product/2123819/single,https://www.starbucks.com/menu/product/2123819/single/nutrition
Food,Snacks & Sweets,Popcorn & Chips,Siete Lime Grain Free Tortilla Chips,https://www.starbucks.com/menu/product/2123822/single,https://www.starbucks.com/menu/product/2123822/single/nutrition
Food,Snacks & Sweets,Popcorn & Chips,Starbucks Butter Popcorn,https://www.starbucks.com/menu/product/2121689/single,https://www.starbucks.com/menu/product/2121689/single/nutrition
Food,Snacks & Sweets,Popcorn & Chips,Perfectly Salted Chips,https://www.starbucks.com/menu/product/2121813/single,https://www.starbucks.com/menu/product/2121813/single/nutrition
Food,Snacks & Sweets,Meat & Cheese,Country Archer - Hickory Smoked Turkey Jerkey,https://www.starbucks.com/menu/product/2122004/single,https://www.starbucks.com/menu/product/2122004/single/nutrition
Food,Snacks & Sweets,Meat & Cheese,String Cheese,https://www.starbucks.com/menu/product/2122033/single,https://www.starbucks.com/menu/product/2122033/single/nutrition
Food,Snacks & Sweets,Snack Bars,Perfect Bar® - Dark Chocolate Chip Peanut Butter,https://www.starbucks.com/menu/product/2122867/single,https://www.starbucks.com/menu/product/2122867/single/nutrition
Food,Snacks & Sweets,Snack Bars,Perfect Bar® Peanut Butter,https://www.starbucks.com/menu/product/2122631/single,https://www.starbucks.com/menu/product/2122631/single/nutrition
Food,Snacks & Sweets,Snack Bars,KIND - Almond Coconut Cashew Chai,https://www.starbucks.com/menu/product/2121814/single,https://www.starbucks.com/menu/product/2121814/single/nutrition
Food,Snacks & Sweets,Snack Bars,KIND Peanut Butter Dark Chocolate Bar,https://www.starbucks.com/menu/product/2121697/single,https://www.starbucks.com/menu/product/2121697/single/nutrition
Food,Snacks & Sweets,Snack Bars,KIND® Salted Caramel & Dark Chocolate Nut Bar,https://www.starbucks.com/menu/product/2121815/single,https://www.starbucks.com/menu/product/2121815/single/nutrition
Food,Snacks & Sweets,Snack Bars,That's It® - Apple + Blueberry Bar,https://www.starbucks.com/menu/product/2121694/single,https://www.starbucks.com/menu/product/2121694/single/nutrition
Food,Snacks & Sweets,Snack Bars,That's It® - Apple + Mango Bar,https://www.starbucks.com/menu/product/2121693/single,https://www.starbucks.com/menu/product/2121693/single/nutrition
Food,Snacks & Sweets,Spreads,Avocado Spread,https://www.starbucks.com/menu/product/2122257/single,https://www.starbucks.com/menu/product/2122257/single/nutrition
At Home Coffee,Whole Bean,Starbucks Reserve®,Starbucks Reserve Colombia Nariño Granos De Esperanza™,https://www.starbucks.com/menu/product/2123847/whole-bean,https://www.starbucks.com/menu/product/2123847/whole-bean/nutrition
At Home Coffee,Whole Bean,Starbucks Reserve®,Starbucks Reserve® Bali Mount Batur,https://www.starbucks.com/menu/product/2123849/whole-bean,https://www.starbucks.com/menu/product/2123849/whole-bean/nutrition
At Home Coffee,Whole Bean,Starbucks Reserve®,Guatemala Huehuetenango Starbucks Reserve®,https://www.starbucks.com/menu/product/2122439/whole-bean,https://www.starbucks.com/menu/product/2122439/whole-bean/nutrition
At Home Coffee,Whole Bean,Blonde Roast,Starbucks® Green Apron Blend™,https://www.starbucks.com/menu/product/2123755/whole-bean,https://www.starbucks.com/menu/product/2123755/whole-bean/nutrition
At Home Coffee,Whole Bean,Blonde Roast,Veranda Blend®,https://www.starbucks.com/menu/product/860/whole-bean,https://www.starbucks.com/menu/product/860/whole-bean/nutrition
At Home Coffee,Whole Bean,Blonde Roast,Starbucks® Blonde Espresso Roast,https://www.starbucks.com/menu/product/2122186/whole-bean,https://www.starbucks.com/menu/product/2122186/whole-bean/nutrition
At Home Coffee,Whole Bean,Medium Roast,Starbucks Odyssey Blend® 2024,https://www.starbucks.com/menu/product/2123467/whole-bean,https://www.starbucks.com/menu/product/2123467/whole-bean/nutrition
At Home Coffee,Whole Bean,Medium Roast,Starbucks Siren’s Blend™,https://www.starbucks.com/menu/product/2123124/whole-bean,https://www.starbucks.com/menu/product/2123124/whole-bean/nutrition
At Home Coffee,Whole Bean,Medium Roast,Guatemala Antigua,https://www.starbucks.com/menu/product/3/whole-bean,https://www.starbucks.com/menu/product/3/whole-bean/nutrition
At Home Coffee,Whole Bean,Medium Roast,Pike Place® Roast,https://www.starbucks.com/menu/product/24/whole-bean,https://www.starbucks.com/menu/product/24/whole-bean/nutrition
At Home Coffee,Whole Bean,Medium Roast,Organic Yukon Blend®,https://www.starbucks.com/menu/product/290/whole-bean,https://www.starbucks.com/menu/product/290/whole-bean/nutrition
At Home Coffee,Whole Bean,Dark Roast,Starbucks® Anniversary Blend 2024,https://www.starbucks.com/menu/product/104/whole-bean,https://www.starbucks.com/menu/product/104/whole-bean/nutrition
At Home Coffee,Whole Bean,Dark Roast,Decaf Sumatra,https://www.starbucks.com/menu/product/581/whole-bean,https://www.starbucks.com/menu/product/581/whole-bean/nutrition
At Home Coffee,Whole Bean,Dark Roast,Caffè Verona®,https://www.starbucks.com/menu/product/15/whole-bean,https://www.starbucks.com/menu/product/15/whole-bean/nutrition
At Home Coffee,Whole Bean,Dark Roast,Espresso Roast,https://www.starbucks.com/menu/product/20/whole-bean,https://www.starbucks.com/menu/product/20/whole-bean/nutrition
At Home Coffee,Whole Bean,Dark Roast,Italian Roast,https://www.starbucks.com/menu/product/23/whole-bean,https://www.starbucks.com/menu/product/23/whole-bean/nutrition
At Home Coffee,Whole Bean,Dark Roast,Komodo Dragon Blend®,https://www.starbucks.com/menu/product/10/whole-bean,https://www.starbucks.com/menu/product/10/whole-bean/nutrition
At Home Coffee,Whole Bean,Dark Roast,Sumatra,https://www.starbucks.com/menu/product/8/whole-bean,https://www.starbucks.com/menu/product/8/whole-bean/nutrition
At Home Coffee,VIA® Instant,Flavored,VIA® Sweetened Iced Coffee,https://www.starbucks.com/menu/product/810/via,https://www.starbucks.com/menu/product/810/via/nutrition
At Home Coffee,VIA® Instant,Blonde Roast,VIA® Veranda Blend™,https://www.starbucks.com/menu/product/860/via,https://www.starbucks.com/menu/product/860/via/nutrition
At Home Coffee,VIA® Instant,Medium Roast,Starbucks VIA® Instant Pike Place® Roast,https://www.starbucks.com/menu/product/24/via,https://www.starbucks.com/menu/product/24/via/nutrition
At Home Coffee,VIA® Instant,Dark Roast,VIA® Italian Roast,https://www.starbucks.com/menu/product/23/via,https://www.starbucks.com/menu/product/23/via/nutrition
At Home Coffee,VIA® Instant,Dark Roast,VIA® Decaf Italian Roast,https://www.starbucks.com/menu/product/868/via,https://www.starbucks.com/menu/product/868/via/nutrition
